Title,Link
Du lịch,https://dulich.dantri.com.vn
"Top 10 trường đại học, cao đẳng Mỹ hỗ trợ tài chính hào phóng nhất cho sinh viên",https://duhoc.dantri.com.vn/du-hoc/top-10-truong-dai-hoc-cao-dang-my-ho-tro-tai-chinh-hao-phong-nhat-cho-sinh-vien-20190407082713452.htm
"Hướng dẫn viên ""chui"", xuyên tạc lịch sử Việt: Nguy hại khôn lường!",https://dulich.dantri.com.vn/du-lich/huong-dan-vien-chui-xuyen-tac-lich-su-viet-nguy-hai-khon-luong-20190401110216880.htm
Nha Trang: Cửa hàng vẫn công khai thanh toán qua Wechat Pay với khách Trung Quốc,https://dulich.dantri.com.vn/du-lich/nha-trang-cua-hang-van-cong-khai-thanh-toan-qua-wechat-pay-voi-khach-trung-quoc-20190309154046380.htm
Vòng quay du lịch,https://dulich.dantri.com.vn/du-lich/vong-quay-du-lich.htm
Khám phá,https://dulich.dantri.com.vn/du-lich/kham-pha.htm
Món ngon - Điểm đẹp,https://dulich.dantri.com.vn/du-lich/mon-ngon-diem-dep.htm
Mở cửa rạp chiếu “phim khiêu dâm” định dạng 5D độc đáo,https://dulich.dantri.com.vn/du-lich/mo-cua-rap-chieu-phim-khieu-dam-dinh-dang-5-d-doc-dao-20190407140117950.htm
Tưng bừng lễ hội tình yêu hòn Trống Mái,https://dulich.dantri.com.vn/du-lich/tung-bung-le-hoi-tinh-yeu-hon-trong-mai-20190407074813540.htm
Sốc với khoảnh khắc tàu lượn siêu tốc đang lao dốc bỗng dừng đột ngột khiến du khách treo lơ lửng,https://dulich.dantri.com.vn/du-lich/soc-voi-khoanh-khac-tau-luon-sieu-toc-dang-lao-doc-bong-dung-dot-ngot-khien-du-khach-treo-lo-lung-20190407000922190.htm
Bí quyết học và thi,https://tuyensinh.dantri.com.vn/tuyen-sinh/bi-quyet-hoc-va-thi.htm
Chỉ tiêu - Điểm chuẩn,https://tuyensinh.dantri.com.vn/tuyen-sinh/chi-tieu-diem-chuan.htm
Đề thi - Đáp án,https://tuyensinh.dantri.com.vn/tuyen-sinh/de-thi-dap-an.htm
Tuyển sinh đại học khối ngành Sức khỏe: Chú trọng về chất,https://tuyensinh.dantri.com.vn/tuyen-sinh/tuyen-sinh-dai-hoc-khoi-nganh-suc-khoe-chu-trong-ve-chat-20190407081229926.htm
Cơ hội du học,https://duhoc.dantri.com.vn/du-hoc/co-hoi-du-hoc.htm
Thế giới du học,https://duhoc.dantri.com.vn/du-hoc/the-gioi-du-hoc.htm
Tài trí Việt,https://duhoc.dantri.com.vn/du-hoc/tai-tri-viet.htm
"Top 10 trường đại học, cao đẳng Mỹ hỗ trợ tài chính hào phóng nhất cho sinh viên",https://duhoc.dantri.com.vn/du-hoc/top-10-truong-dai-hoc-cao-dang-my-ho-tro-tai-chinh-hao-phong-nhat-cho-sinh-vien-20190407082713452.htm
Một cựu du học sinh Việt “sống chui” 10 năm ở Singapore bị phạt tù và 4 roi,https://duhoc.dantri.com.vn/du-hoc/mot-cuu-du-hoc-sinh-viet-song-chui-10-nam-o-singapore-bi-phat-tu-va-4-roi-20190405212913209.htm
"Ngắm hoa anh đào nở - Ngẫm về sự thanh cao, khiêm nhường của người Nhật",https://duhoc.dantri.com.vn/du-hoc/ngam-hoa-anh-dao-no-ngam-ve-su-thanh-cao-khiem-nhuong-cua-nguoi-nhat-20190405131510120.htm
Trào lưu livestream chăm chỉ học hàng giờ được học sinh toàn thế giới hưởng ứng,https://duhoc.dantri.com.vn/du-hoc/trao-luu-livestream-cham-chi-hoc-hang-gio-duoc-hoc-sinh-toan-the-gioi-huong-ung-20190404184300507.htm
Du lịch,https://dulich.dantri.com.vn
Xem trang Dân Trí,https://www.dantri.com.vn
